Autor,Hora,Fecha,Texto
CupidaYt,4:7,2019-11-02,RT @ProGamesTM: üí•üéÅ#SORTEO DE MONITOR 24 CURVO + MANDO PS4 + JUEGO A ELEGIRüí•(Envi√≥ a todo el mundo) üöÄ‚û°Para participar: Haz #RT, sigue a‚Ä¶
franpino,4:6,2019-11-02,RT @MediaMarktGames: ¬°SORTEAMOS 2 #BaldursGate Enhanced Edition para Switch!üò± ¬øPodr√°s escapar del oscuro destino que te espera?1‚É£Dale R‚Ä¶
MasterGodyt,4:5,2019-11-02,RT @MultiGamingES: üéÆ #SORTEO RTX 2060 + LAPTOP + SILLA GAMING +2000‚Ç¨ EN PRODUCTOS!!ü§ùLAS MEJORES MARCAS SE UNEN PARA TRAER ESTA COLABORACI‚Ä¶
Lautisilva_,4:1,2019-11-02,RT @LaPulseraFDD: HOY A LAS 00 HAY #SORTEO UNA GENERAL PARA LA #FDD SEGUINOS Y PONE #MG Y YA ESTAS PARTICIPANDO.
sgrizan,3:59,2019-11-02,RT @MediaMarktGames: ¬°SORTEAMOS 2 #BaldursGate Enhanced Edition para Switch!üò± ¬øPodr√°s escapar del oscuro destino que te espera?1‚É£Dale R‚Ä¶
salas_yorget,3:56,2019-11-02,RT @Napoli_Goleador: üí•üí• ¬°SORTEO! üí•üí•¬øQuieres ganar la camiseta del SSC Napoli? Es muy f√°cil participar gracias a @El_Camisista_4. Tan solo‚Ä¶
FraanVillan,3:52,2019-11-02,RT @LaPulseraFDD: HOY A LAS 00 HAY #SORTEO UNA GENERAL PARA LA #FDD SEGUINOS Y PONE #MG Y YA ESTAS PARTICIPANDO.
JoelSeija2,3:52,2019-11-02,RT @LaPulseraFDD: HOY A LAS 00 HAY #SORTEO UNA GENERAL PARA LA #FDD SEGUINOS Y PONE #MG Y YA ESTAS PARTICIPANDO.
JuricevicLucas1,3:51,2019-11-02,RT @LaPulseraFDD: HOY A LAS 00 HAY #SORTEO UNA GENERAL PARA LA #FDD SEGUINOS Y PONE #MG Y YA ESTAS PARTICIPANDO.
BulgheriniLudmi,3:50,2019-11-02,RT @LaPulseraFDD: HOY A LAS 00 HAY #SORTEO UNA GENERAL PARA LA #FDD SEGUINOS Y PONE #MG Y YA ESTAS PARTICIPANDO.
isicarballo,3:48,2019-11-02,RT @LaPulseraFDD: HOY A LAS 00 HAY #SORTEO UNA GENERAL PARA LA #FDD SEGUINOS Y PONE #MG Y YA ESTAS PARTICIPANDO.
EliiNegrete,3:48,2019-11-02,RT @LaPulseraFDD: HOY A LAS 00 HAY #SORTEO UNA GENERAL PARA LA #FDD SEGUINOS Y PONE #MG Y YA ESTAS PARTICIPANDO.
DanielaRepp_,3:46,2019-11-02,RT @LaPulseraFDD: HOY A LAS 00 HAY #SORTEO UNA GENERAL PARA LA #FDD SEGUINOS Y PONE #MG Y YA ESTAS PARTICIPANDO.
Micalederhos_,3:46,2019-11-02,RT @LaPulseraFDD: HOY A LAS 00 HAY #SORTEO UNA GENERAL PARA LA #FDD SEGUINOS Y PONE #MG Y YA ESTAS PARTICIPANDO.
nicanor86294566,3:46,2019-11-02,RT @ScorpionsGG: ü¶Ç | #Sorteo üéâüéüÔ∏è 2 entradas para el @entelmediafest üáµüá™ üìù Requisitos:ü¶Ç Seguir a @GoalsPlay ü¶Ç Seguir a @ScorpionsGGü¶Ç D‚Ä¶
MarcosMora229,3:44,2019-11-02,RT @VikingEsGamer: üéÅ#SORTEO x5 PREMIUM | 29.00$ üéÅ‚úÖEn mi canal de Twitch: https://t.co/kNKkgpHtfVüî•Prize Pool actual: 1.140$Hub de #Facei‚Ä¶
AbelGadea5,3:43,2019-11-02,RT @LaPulseraFDD: HOY A LAS 00 HAY #SORTEO UNA GENERAL PARA LA #FDD SEGUINOS Y PONE #MG Y YA ESTAS PARTICIPANDO.
maiaperezl,3:42,2019-11-02,RT @JuguitoVerao: #SORTEO Quer√©s ganarte ENTRADAS para la segunda edici√≥n del #Terer√©Fest ‚Åâ ‚ÅâCondiciones para participar üëáüëáDar RT a es‚Ä¶
pablo_merea,3:42,2019-11-02,RT @IniciativaV: üö® #Sorteo INTERNACIONAL üö®La dupla CineFX y Mundo Vengador vuelven para regalarte un Blu-Ray de #Endgame- RT ‚ôªÔ∏è- S√≠gue‚Ä¶
biancaburrone,3:41,2019-11-02,RT @LaPulseraFDD: HOY A LAS 00 HAY #SORTEO UNA GENERAL PARA LA #FDD SEGUINOS Y PONE #MG Y YA ESTAS PARTICIPANDO.
BlackSailor_,3:39,2019-11-02,Stream on! Vamos a estar jugando unas ranks de overwatch charlando y debatiendo con ustedes sobre el overwatch 2 y‚Ä¶ https://t.co/C07oVNpdLk
DaianaCssCobain,3:37,2019-11-02,RT @visiondelcine: #BuenLunes arrancamos la semana con un #sorteo tenemos kits exclusivos de #Zombieland : tiro de gracia cortes√≠a de @Sony‚Ä¶
Kareeeeen10,3:36,2019-11-02,RT @LaPulseraFDD: HOY A LAS 00 HAY #SORTEO UNA GENERAL PARA LA #FDD SEGUINOS Y PONE #MG Y YA ESTAS PARTICIPANDO.
Nicolassorian0,3:36,2019-11-02,RT @LaPulseraFDD: HOY A LAS 00 HAY #SORTEO UNA GENERAL PARA LA #FDD SEGUINOS Y PONE #MG Y YA ESTAS PARTICIPANDO.
Nacho97B,3:35,2019-11-02,RT @LaPulseraFDD: HOY A LAS 00 HAY #SORTEO UNA GENERAL PARA LA #FDD SEGUINOS Y PONE #MG Y YA ESTAS PARTICIPANDO.
XaviiFontan,3:35,2019-11-02,RT @LaPulseraFDD: HOY A LAS 00 HAY #SORTEO UNA GENERAL PARA LA #FDD SEGUINOS Y PONE #MG Y YA ESTAS PARTICIPANDO.
vallejo_macaren,3:33,2019-11-02,RT @LaPulseraFDD: HOY A LAS 00 HAY #SORTEO UNA GENERAL PARA LA #FDD SEGUINOS Y PONE #MG Y YA ESTAS PARTICIPANDO.
Galelin14,3:31,2019-11-02,RT @eltiohit: #SORTEO de 1 pase de batalla de #FortniteChapter2 Lo unico que deben hacer es:Comentar "Yo participo" mencionando a 2 amig‚Ä¶
Igle12Valen,3:29,2019-11-02,RT @LaPulseraFDD: HOY A LAS 00 HAY #SORTEO UNA GENERAL PARA LA #FDD SEGUINOS Y PONE #MG Y YA ESTAS PARTICIPANDO.
FacundoSangoy,3:27,2019-11-02,RT @LaPulseraFDD: HOY A LAS 00 HAY #SORTEO UNA GENERAL PARA LA #FDD SEGUINOS Y PONE #MG Y YA ESTAS PARTICIPANDO.
Juuaanjo7,3:27,2019-11-02,RT @MultiGamingES: üéÆ #SORTEO RTX 2060 + LAPTOP + SILLA GAMING +2000‚Ç¨ EN PRODUCTOS!!ü§ùLAS MEJORES MARCAS SE UNEN PARA TRAER ESTA COLABORACI‚Ä¶
Nico_Sosa4,3:26,2019-11-02,RT @LaPulseraFDD: HOY A LAS 00 HAY #SORTEO UNA GENERAL PARA LA #FDD SEGUINOS Y PONE #MG Y YA ESTAS PARTICIPANDO.
Juu_Talarico,3:23,2019-11-02,RT @LaPulseraFDD: HOY A LAS 00 HAY #SORTEO UNA GENERAL PARA LA #FDD SEGUINOS Y PONE #MG Y YA ESTAS PARTICIPANDO.
RcD16_Gamer,3:22,2019-11-02,RT @ProGamesTM: üí•üéÅ#SORTEO DE MONITOR 24 CURVO + MANDO PS4 + JUEGO A ELEGIRüí•(Envi√≥ a todo el mundo) üöÄ‚û°Para participar: Haz #RT, sigue a‚Ä¶
gabiperez777,3:22,2019-11-02,RT @LaPulseraFDD: HOY A LAS 00 HAY #SORTEO UNA GENERAL PARA LA #FDD SEGUINOS Y PONE #MG Y YA ESTAS PARTICIPANDO.
ValenDelunti,3:22,2019-11-02,RT @LaPulseraFDD: HOY A LAS 00 HAY #SORTEO UNA GENERAL PARA LA #FDD SEGUINOS Y PONE #MG Y YA ESTAS PARTICIPANDO.
LLautitorne,3:21,2019-11-02,RT @LaPulseraFDD: HOY A LAS 00 HAY #SORTEO UNA GENERAL PARA LA #FDD SEGUINOS Y PONE #MG Y YA ESTAS PARTICIPANDO.
Joaquiinandrian,3:18,2019-11-02,RT @LaPulseraFDD: HOY A LAS 00 HAY #SORTEO UNA GENERAL PARA LA #FDD SEGUINOS Y PONE #MG Y YA ESTAS PARTICIPANDO.
julilazzarotto,3:15,2019-11-02,RT @LaPulseraFDD: HOY A LAS 00 HAY #SORTEO UNA GENERAL PARA LA #FDD SEGUINOS Y PONE #MG Y YA ESTAS PARTICIPANDO.
Xlapak1,3:13,2019-11-02,RT @MediaMarktGames: ¬°SORTEAMOS 2 #BaldursGate Enhanced Edition para Switch!üò± ¬øPodr√°s escapar del oscuro destino que te espera?1‚É£Dale R‚Ä¶
eugeabast0,3:13,2019-11-02,RT @LaPulseraFDD: HOY A LAS 00 HAY #SORTEO UNA GENERAL PARA LA #FDD SEGUINOS Y PONE #MG Y YA ESTAS PARTICIPANDO.
AnnaZulpo,3:11,2019-11-02,RT @LaPulseraFDD: HOY A LAS 00 HAY #SORTEO UNA GENERAL PARA LA #FDD SEGUINOS Y PONE #MG Y YA ESTAS PARTICIPANDO.
andino_mauro,3:10,2019-11-02,RT @LaPulseraFDD: HOY A LAS 00 HAY #SORTEO UNA GENERAL PARA LA #FDD SEGUINOS Y PONE #MG Y YA ESTAS PARTICIPANDO.
NatyEmerii,3:10,2019-11-02,RT @LaPulseraFDD: HOY A LAS 00 HAY #SORTEO UNA GENERAL PARA LA #FDD SEGUINOS Y PONE #MG Y YA ESTAS PARTICIPANDO.
Gamarrafranco0,3:10,2019-11-02,RT @LaPulseraFDD: HOY A LAS 00 HAY #SORTEO UNA GENERAL PARA LA #FDD SEGUINOS Y PONE #MG Y YA ESTAS PARTICIPANDO.
caridad_lc,3:9,2019-11-02,RT @LaPulseraFDD: HOY A LAS 00 HAY #SORTEO UNA GENERAL PARA LA #FDD SEGUINOS Y PONE #MG Y YA ESTAS PARTICIPANDO.
BrandonPedr0za,3:8,2019-11-02,RT @MultiGamingES: üéÆ #SORTEO RTX 2060 + LAPTOP + SILLA GAMING +2000‚Ç¨ EN PRODUCTOS!!ü§ùLAS MEJORES MARCAS SE UNEN PARA TRAER ESTA COLABORACI‚Ä¶
keivdj,3:7,2019-11-02,RT @MultiGamingES: üéÆ #SORTEO RTX 2060 + LAPTOP + SILLA GAMING +2000‚Ç¨ EN PRODUCTOS!!ü§ùLAS MEJORES MARCAS SE UNEN PARA TRAER ESTA COLABORACI‚Ä¶
SsjCristian,3:6,2019-11-02,RT @almundo_ar: ¬øQuer√©s vacaciones ALL INCLUSIVE en el Caribe? Si la respuesta es s√≠, preparate para disfrutar en Punta Cana con @BahiaPrin‚Ä¶
JoaquinRondan7,3:5,2019-11-02,RT @LaPulseraFDD: HOY A LAS 00 HAY #SORTEO UNA GENERAL PARA LA #FDD SEGUINOS Y PONE #MG Y YA ESTAS PARTICIPANDO.
catugarcilazo,3:5,2019-11-02,RT @LaPulseraFDD: HOY A LAS 00 HAY #SORTEO UNA GENERAL PARA LA #FDD SEGUINOS Y PONE #MG Y YA ESTAS PARTICIPANDO.
Fernandeez_iara,3:4,2019-11-02,RT @LaPulseraFDD: HOY A LAS 00 HAY #SORTEO UNA GENERAL PARA LA #FDD SEGUINOS Y PONE #MG Y YA ESTAS PARTICIPANDO.
OrianaM02758110,3:2,2019-11-02,RT @LaPulseraFDD: HOY A LAS 00 HAY #SORTEO UNA GENERAL PARA LA #FDD SEGUINOS Y PONE #MG Y YA ESTAS PARTICIPANDO.
Fedebianchini13,3:1,2019-11-02,RT @LaPulseraFDD: HOY A LAS 00 HAY #SORTEO UNA GENERAL PARA LA #FDD SEGUINOS Y PONE #MG Y YA ESTAS PARTICIPANDO.
EzeArmandola,3:0,2019-11-02,RT @LaPulseraFDD: HOY A LAS 00 HAY #SORTEO UNA GENERAL PARA LA #FDD SEGUINOS Y PONE #MG Y YA ESTAS PARTICIPANDO.
CamiiAguirre0,3:0,2019-11-02,RT @LaPulseraFDD: HOY A LAS 00 HAY #SORTEO UNA GENERAL PARA LA #FDD SEGUINOS Y PONE #MG Y YA ESTAS PARTICIPANDO.
blondie_girl2,2:58,2019-11-02,RT @VAYAVA_ES: #SORTEOüéÉ Celebramos #Halloween con un #SorteoTerror√≠ficoüéÉ¬øCu√°l ha sido tu experiencia m√°s tenebrosa? üì£Cu√©ntanosla con el‚Ä¶
Ale_Dure1997,2:58,2019-11-02,RT @LaPulseraFDD: HOY A LAS 00 HAY #SORTEO UNA GENERAL PARA LA #FDD SEGUINOS Y PONE #MG Y YA ESTAS PARTICIPANDO.
_camic_,2:57,2019-11-02,RT @LaPulseraFDD: HOY A LAS 00 HAY #SORTEO UNA GENERAL PARA LA #FDD SEGUINOS Y PONE #MG Y YA ESTAS PARTICIPANDO.
laliiIglesias,2:57,2019-11-02,RT @LaPulseraFDD: HOY A LAS 00 HAY #SORTEO UNA GENERAL PARA LA #FDD SEGUINOS Y PONE #MG Y YA ESTAS PARTICIPANDO.
LucilaaRamos,2:57,2019-11-02,RT @LaPulseraFDD: HOY A LAS 00 HAY #SORTEO UNA GENERAL PARA LA #FDD SEGUINOS Y PONE #MG Y YA ESTAS PARTICIPANDO.
ValenLucchessi,2:56,2019-11-02,RT @LaPulseraFDD: HOY A LAS 00 HAY #SORTEO UNA GENERAL PARA LA #FDD SEGUINOS Y PONE #MG Y YA ESTAS PARTICIPANDO.
yakumoelwu,2:55,2019-11-02,RT @MediaMarktGames: ¬°SORTEAMOS 2 #BaldursGate Enhanced Edition para Switch!üò± ¬øPodr√°s escapar del oscuro destino que te espera?1‚É£Dale R‚Ä¶
vxmagency,2:54,2019-11-02,RT @NoSeraMucho2019: #viernes #noser√°mucho #hayequipo #estateatento #sorteo #casacas #buenfinde üòÄ‚òùÔ∏è https://t.co/90OY1c2qxP
RiosVaalen,2:53,2019-11-02,RT @LaPulseraFDD: HOY A LAS 00 HAY #SORTEO UNA GENERAL PARA LA #FDD SEGUINOS Y PONE #MG Y YA ESTAS PARTICIPANDO.
mateoacevedo7,2:52,2019-11-02,RT @LaPulseraFDD: HOY A LAS 00 HAY #SORTEO UNA GENERAL PARA LA #FDD SEGUINOS Y PONE #MG Y YA ESTAS PARTICIPANDO.
Mandowskileona1,2:52,2019-11-02,RT @MeglioSport: Queremos festejar el triunfo de @CFC1911 con un sorteo para todos nuestros seguidores‚öΩÔ∏èüéÅ. Ganate un camiseta.¬øComo partic‚Ä¶
olicislaghi1,2:50,2019-11-02,RT @LaPulseraFDD: HOY A LAS 00 HAY #SORTEO UNA GENERAL PARA LA #FDD SEGUINOS Y PONE #MG Y YA ESTAS PARTICIPANDO.
ElianSaidler,2:50,2019-11-02,RT @LaPulseraFDD: HOY A LAS 00 HAY #SORTEO UNA GENERAL PARA LA #FDD SEGUINOS Y PONE #MG Y YA ESTAS PARTICIPANDO.
Seba_Chavez12,2:50,2019-11-02,RT @ProGamesTM: üí•üéÅ#SORTEO DE MONITOR 24 CURVO + MANDO PS4 + JUEGO A ELEGIRüí•(Envi√≥ a todo el mundo) üöÄ‚û°Para participar: Haz #RT, sigue a‚Ä¶
tadeballs,2:50,2019-11-02,RT @LaPulseraFDD: HOY A LAS 00 HAY #SORTEO UNA GENERAL PARA LA #FDD SEGUINOS Y PONE #MG Y YA ESTAS PARTICIPANDO.
andii_rios,2:49,2019-11-02,RT @LaPulseraFDD: HOY A LAS 00 HAY #SORTEO UNA GENERAL PARA LA #FDD SEGUINOS Y PONE #MG Y YA ESTAS PARTICIPANDO.
MinutoNotas,2:48,2019-11-02,#Sorteo @PaladiniOficial Con La Posibilidad De Ganar Importantes Premios https://t.co/InGCBJL2EV
ValentPoncee,2:47,2019-11-02,RT @LaPulseraFDD: HOY A LAS 00 HAY #SORTEO UNA GENERAL PARA LA #FDD SEGUINOS Y PONE #MG Y YA ESTAS PARTICIPANDO.
SergioRvi,2:47,2019-11-02,RT @MediaMarktGames: ¬°SORTEAMOS 2 #BaldursGate Enhanced Edition para Switch!üò± ¬øPodr√°s escapar del oscuro destino que te espera?1‚É£Dale R‚Ä¶
FacundoCalgaroo,2:47,2019-11-02,RT @LaPulseraFDD: HOY A LAS 00 HAY #SORTEO UNA GENERAL PARA LA #FDD SEGUINOS Y PONE #MG Y YA ESTAS PARTICIPANDO.
DaianaSchvind,2:47,2019-11-02,RT @LaPulseraFDD: HOY A LAS 00 HAY #SORTEO UNA GENERAL PARA LA #FDD SEGUINOS Y PONE #MG Y YA ESTAS PARTICIPANDO.
compostelaven,2:47,2019-11-02,#charcuter√≠a #embutidos #quesos #delivery #domicilio #venezuela #carne #pollo #compostelaven #compostelavenconcurso‚Ä¶ https://t.co/GSmseOFBIO
Frankitoortiz1,2:46,2019-11-02,RT @LaPulseraFDD: HOY A LAS 00 HAY #SORTEO UNA GENERAL PARA LA #FDD SEGUINOS Y PONE #MG Y YA ESTAS PARTICIPANDO.
milipalderete,2:46,2019-11-02,RT @LaPulseraFDD: HOY A LAS 00 HAY #SORTEO UNA GENERAL PARA LA #FDD SEGUINOS Y PONE #MG Y YA ESTAS PARTICIPANDO.
vickylezc,2:45,2019-11-02,RT @LaPulseraFDD: HOY A LAS 00 HAY #SORTEO UNA GENERAL PARA LA #FDD SEGUINOS Y PONE #MG Y YA ESTAS PARTICIPANDO.
den_gutierrezd,2:45,2019-11-02,RT @LaPulseraFDD: HOY A LAS 00 HAY #SORTEO UNA GENERAL PARA LA #FDD SEGUINOS Y PONE #MG Y YA ESTAS PARTICIPANDO.
Sofialarcon0,2:45,2019-11-02,RT @LaPulseraFDD: HOY A LAS 00 HAY #SORTEO UNA GENERAL PARA LA #FDD SEGUINOS Y PONE #MG Y YA ESTAS PARTICIPANDO.
mendigagarza,2:45,2019-11-02,RT @ProGamesTM: üí•üéÅ#SORTEO DE MONITOR 24 CURVO + MANDO PS4 + JUEGO A ELEGIRüí•(Envi√≥ a todo el mundo) üöÄ‚û°Para participar: Haz #RT, sigue a‚Ä¶
virsarlo,2:44,2019-11-02,RT @LaPulseraFDD: HOY A LAS 00 HAY #SORTEO UNA GENERAL PARA LA #FDD SEGUINOS Y PONE #MG Y YA ESTAS PARTICIPANDO.
Sabrina_Graff,2:43,2019-11-02,RT @LaPulseraFDD: HOY A LAS 00 HAY #SORTEO UNA GENERAL PARA LA #FDD SEGUINOS Y PONE #MG Y YA ESTAS PARTICIPANDO.
EvrydayShortcut,2:43,2019-11-02,RT @MamaHolistica: Happy Day!‚òÄÔ∏è Les cuento que tengo en el blog un lindo #SORTEO  de 1.- AveenoBaby ¬Æ Sensitive All-Over wipes.2.- Un cam‚Ä¶
Agussm67,2:40,2019-11-02,RT @LaPulseraFDD: HOY A LAS 00 HAY #SORTEO UNA GENERAL PARA LA #FDD SEGUINOS Y PONE #MG Y YA ESTAS PARTICIPANDO.
HorisbergerAgus,2:39,2019-11-02,RT @LaPulseraFDD: HOY A LAS 00 HAY #SORTEO UNA GENERAL PARA LA #FDD SEGUINOS Y PONE #MG Y YA ESTAS PARTICIPANDO.
VituMoschen,2:38,2019-11-02,RT @LaPulseraFDD: HOY A LAS 00 HAY #SORTEO UNA GENERAL PARA LA #FDD SEGUINOS Y PONE #MG Y YA ESTAS PARTICIPANDO.
SchenoneRodri,2:38,2019-11-02,RT @LaPulseraFDD: HOY A LAS 00 HAY #SORTEO UNA GENERAL PARA LA #FDD SEGUINOS Y PONE #MG Y YA ESTAS PARTICIPANDO.
PieriGomezz,2:38,2019-11-02,RT @LaPulseraFDD: HOY A LAS 00 HAY #SORTEO UNA GENERAL PARA LA #FDD SEGUINOS Y PONE #MG Y YA ESTAS PARTICIPANDO.
djsitu28,2:38,2019-11-02,RT @GetsGamingAM: üí•üéÅ#SORTEO DE FUNKO POP A ELEGIR DE STRANGER THINGSüéÅüò±REQUISITOS PARA PARTICIPAR:‚Ä¢ Dar RTüîÅ‚Ä¢ Seguir a @Architect_esp‚Ä¢ S‚Ä¶
mailen_rivero,2:37,2019-11-02,RT @LaPulseraFDD: HOY A LAS 00 HAY #SORTEO UNA GENERAL PARA LA #FDD SEGUINOS Y PONE #MG Y YA ESTAS PARTICIPANDO.
Florgadea17,2:37,2019-11-02,RT @LaPulseraFDD: HOY A LAS 00 HAY #SORTEO UNA GENERAL PARA LA #FDD SEGUINOS Y PONE #MG Y YA ESTAS PARTICIPANDO.
MartuuAndino,2:37,2019-11-02,RT @LaPulseraFDD: HOY A LAS 00 HAY #SORTEO UNA GENERAL PARA LA #FDD SEGUINOS Y PONE #MG Y YA ESTAS PARTICIPANDO.
ibra121199,2:37,2019-11-02,RT @ledcardenas: RT üîÅ si te gustar√≠a un #SORTEO con todos estos productos de @encasamonstruos del fabuloso de @RealGDT üßü‚Äç‚ôÇÔ∏èüßõüèº‚Äç‚ôÇÔ∏èüßü‚Äç‚ôÄÔ∏èhttps‚Ä¶
tiendavallosti,2:37,2019-11-02,Iniciando un lindo proyecto. Ansiosa por el resultado.#amigurumis #proyecto #sweet #love #sorteo #pasion #mu√±ecos https://t.co/64eArxtHOv
RodriScheytt,2:36,2019-11-02,RT @LaPulseraFDD: HOY A LAS 00 HAY #SORTEO UNA GENERAL PARA LA #FDD SEGUINOS Y PONE #MG Y YA ESTAS PARTICIPANDO.
NoirMalvina,2:35,2019-11-02,RT @LaPulseraFDD: HOY A LAS 00 HAY #SORTEO UNA GENERAL PARA LA #FDD SEGUINOS Y PONE #MG Y YA ESTAS PARTICIPANDO.
